,ID
0,6bwcWOibIUyOJQ2FgMbeIH
1,0hzg5LdPnyCJ96RPPpAXkQ
2,4IfjnNG3AA8ZIlYBSWiHyt
3,70Va8NA2Ies98TNa1XuNbl
4,1UQHEsNF9Ow2LI1XCeVI51
5,4g1ccDK2GM8K3FnW77VNLS
6,1fjJTD5fICon4roxZO0jsB
7,5pLH14MF7d57lyp22N411u
8,6cM0HFtya8EQFC5thCswo8
9,77uTCXrLK54xyb2e45kU5a
10,4OPAnOMXOgsqUQRFji7dbf
11,32bhoLm6qwLD1n7rG3S0AM
12,5FHDGoO8MF9txy89VczxfY
13,6kUjLo3w52Jr3PizmsXJfL
14,4IUgpL0CgSiloUOHzgd6Qe
15,1wG9pslXvTb22W0cX5xara
16,3Lz7F78L8bmAftMGkwoGCh
17,0u8yFQAHzS9oooREFjDas3
18,4yoa5IPElyb73W9EH5XQB8
19,5tHbDap6SZw6Ml49hJBmBt
20,5eJopoeU72qC20mNzEcORS
21,0NvKyH2zVnhLcgMM7wAuK6
22,5FcBYOtinloGkZwFwpPdnD
23,3HEbveYYuMeyYjQWiJu3ce
24,0us5TI6Wi0gVyOZMwXbOnO
25,3pegwzmIu6j8rWq6G7z8Np
26,0RMsGMzDJuTXllcYs4a3Nr
27,3qQIq27L2KkSMH99rrNl2N
28,1zQX8Tf3fRYw8Djxh5kUKq
29,77KZcZx8aAv2qOCBkLB7zP
30,40Hen84vZAG3IkoDTY70v0
31,6t65MC0hBqIXyiuaIL4JtT
32,3cCes9MpyhBc968bakRvWU
33,5O8QPnzttzPn9Wm80Ch9ks
34,5MSfgtOBZkbxlcwsI9XNpf
35,5G6E55eG8tvQrwlSAee9bh
36,1H64w8li89cJfI9tx3iBBf
37,0fZXClbtHvHG0FDWpQy1wg
38,0XIR6NgMKekKW4nsGLTRIE
39,5dW3suh54vtbllAQgwS249
40,23Beog8URdRIIKuN4emwu2
41,4Gkd4msFAFTiDxFZcg9r8i
42,2B4p8xjpBFP8ZinAtewfrB
43,6ewLQwmkpJYKaQkA4GNFtd
44,56n8IKs5nYRg3UQp0eMPeU
45,7sP46daC2JkfGJXTmk781r
46,00kO4Z0mFAFs6KLlXnaD0f
47,5xO7ZBNlj8d0r6jULUyZJN
48,1EKk6Xvei9N9scaQcrax2S
49,4DEn3hZzSs9MFwFNDla5Y5
50,1TyR326TWw2J0TE7R3v4zt
51,1GZZIJyYnH9XT5yFz7BI44
52,79kGOM2eXbPvcpWCGUwKLz
53,4P1sbofnneFeEEASTFMEGl
54,7aGSZ7otMHlEtdO4T89TAa
55,5qWFRThiYrdNTFAkvGnlwc
56,1wl5b2lw3YagQtZiYZbQWP
57,5v8tkWxBbFuRwpS7ou18SN
58,1AIu4EHzrN7GdpeKgigZ3G
59,0U070HY5rBmCyh4SIWHrgN
60,2MRcpN5ofn2KicuqV1Xgsw
61,63Z31oZibDijG6yxCfkjI2
62,4HBMnZFquWVTATSjTABueZ
63,2qvXaAyYLBo6PaP85cb1Xn
64,39KnSmqRkxkIUtiWxzB7nN
65,3o5nsFFOLUYOEUj1vWsgzj
66,0JjiFVcNMWRSRWFryj4Cwv
67,6gz6rxRge7BLRreM9uJXxI
68,0YhaRPBhAVHZcdileuPtJM
69,50mwGp3PgKoZldhBvfy2cf
70,3I9N1FJLNSFLOhtkmamMQS
71,3LNsyHdo8MWl4mqbkzAvKh
72,262HumMy5ZLcRgsP36CSyx
73,5z88Jo2GRks9N0I36AtnAh
74,7iU27HhWtvJsA2xENCDgB9
75,2lQFc312TSd7oToBE8Btl1
76,4zo9nVH8uBk5DnUa92ogWn
77,0Fi9tYRYSsMPzNVYdgHY7Q
78,5NazgEP76LLsASaHDfrcgU
79,7hRMS87mkKGR1IjpKuR5pm
80,67l1U6nKf6zgwCV3AhObFa
81,3b4lxZH5Id2bXVurOfTyaW
82,0GU7HXMGewpD83cGv6a5YH
83,1qpj1knVmqUhi2e6oeHqMC
84,1AUiVg8Q8VSgWeA1c14ZWl
85,2RQIQtothw4tp854k911cY
86,4XUkIVq6olEHMIQEWpBn3t
87,7DulKZHavNBDeGjNvutgTV
88,14EVReJZayPGrQgQbhw3zG
89,4zcgiC2Vw4su0U6QOCGCMO
90,43kIdtVGy6l5207N9UgHRF
91,1R8yRnLBJJbPPwLBZgEcp9
92,2pr6us08iPNzIex5q6fMvI
93,1cWEEK99WPffGEAh6qLzty
94,5H9YotJfoPlfGRwo0BaK0v
95,54zMkQWwYLKTAx2qIkl45X
96,6FAQCRweDsFmh6qeknuZFU
97,2xm9ihELo6xwrRKrBbPql9
98,4hxHE0jh74cnyK5W4UctoG
99,74wT8YMz4UyTZYum66ejGN
100,47Yg8j2OuL4juaDIkFpqHJ
101,1VcGL267AesH4UouorKhsE
102,5nfWH9Vn6PIaUnf2a9VthM
103,0AV6qRaNajFNakSCOrXOkT
104,7tYWOS9QQkJgaJ0a4WfUyk
105,6gKtGkDTPjVMsWt02bGCHn
106,4cUgsvo0xRu0JQXIhxcXkZ
107,3BdVeHmCKUrb4LTU0Kpw7Z
108,6yuhA5jlK7gEAIVoJ5WK1f
109,4pjvNmdxOKhZ7HdO1n41mN
110,37BaFZjeEpRRUou7u6HufG
111,7fSwDksBCCucOLlAO9obm9
112,2XSBXz4uDvx1PQPYJWQpcK
113,7nZxhcfI6Bn5623FMxdliU
114,1Z43fZwZBbyx2Z9EkWvNs5
115,5UL6YibuDrHa7NnEDa8cPO
116,0tp9wsXYVipSGLVu1G6m33
117,0URA5PvjEc0RljIzCTtrXU
118,5ujbvaNBzQBNLFjUSZwXcO
119,0UveyQuhXEd9jc8m2lZDhg
120,5JDJv3Szs22nOTXE5YRRf5
121,2txF2tgoSqvV4Mxqq0hBri
122,7goHMeoLyVbsGbs4sKzera
123,3vBJYnujT3yxLjLEG1jtDS
124,1LtxrzRNCpqUKoMLYVmeeY
125,7DxrpQ64RjENyP4j8z8p0s
126,1Org5XClvfulvp1mrLUQuT
127,5EQJwmqtxNMTYN3Spr8NU3
128,4ASq8Q9pF05YGHxqL0PveM
129,7pR9ESwH8E0Y8z79PflnZY
130,7uAJuE1qVnXD3zasCqnhOu
131,3GbTShwayxBErCMzJ72ppu
132,7hdrXbkikkLSJ3tOjtXSFA
133,00z9Rax2KTHqKLKYnGHzNk
134,5h4bVElGkP6CryCHL8WMd8
135,3s3CHEYuvM6assH3BrXwvU
136,4hx8EYJ54QzRf7KrVrNn1H
137,3laCo1tj2egTZLFDEZjbMy
138,5H4bQ14RjOVM4eKtaIpn3B
139,3aSi0UcesbPx5ADnOqxkrr
140,0siYhJVENxR6aeqH9uAAs3
141,6aCroxyoiKtwv8Vi7lh9Qb
142,1TOz844rDZtTtOmHwbuMm9
143,1jsymmUYkC76PZcCgZTG49
144,0dHHd9p8ZTIB2EW7wqWNgD
145,1zG5r3jD7M6CIQ1e2WYZs5
146,0nNiyH4NViNdsL0JJz5yce
147,1mZcyKIx0ctPbF2NAvG8AE
148,6ZrsSJiyETgzmYMrw9tu5G
149,7jqzZyJJLrpkRFYGpkqSK6
150,7bYwm4LQaOsardfDdbVZg6
151,0bXpmJyHHYPk6QBFj25bYF
152,6zwUw48YOZL1CE8toS0WGN
153,7eQ5mlLmrET0W3YokL2tiH
154,6DlwrwFyx6kJqU4Um8sQAu
155,1qzOAxBlcEmqfT5WnayGO5
156,5wRlH3diPDfn9jv91hxkUy
157,6515L0Iaaah4YZUJubjfPS
158,63ZyPUR8NqWgonSM6RsWp0
159,44YS5E6qhYW9KPaRbUj2Fc
160,76bfbFn1BkmGhXghy24N39
161,3md3vi2KPEjP6hk4Rs21oV
162,4dUIwKF5cQ4efJELwG8cpm
163,68oxELAW6URbwJCKmBiNDa
164,5AuLuhe6LXvVod82HxJtXO
165,3x8ORfjJH2W2xzvyB0LeB9
166,2PHZPYwfvkEDmyhIez05fq
167,2nDAn2iLXJy8PjlO1d4C11
168,7Jd0MqZq15T4pDWts2G6Yl
169,7hjfcGgarfTZkIvZa43C7e
170,1R3zENfVNFJgjXdc8vtSzi
171,23PorBXDPgmWTH5dJd5smI
172,1UYQz9iqSCdLNc9UVkJo0o
173,2Zq7wouWrjEAzjAoYv0Ldb
174,5PtmAQ3m2jxhUkDVFQAJag
175,0V4rUX2i5m3TaFrDDywRXS
176,40PNr2dXdU6WNceoM9Wtiu
177,64Rc8eAYEcIVK486usaKtb
178,4I7pO04IarBBQAcqRMcWhz
179,7hPr0zUTwv36B0zEEaZIXL
180,6OVGIvAMeq5LCl2ye1Zqbo
181,08PetOZf03tZyFxXJB3F5R
182,2SYIxO8HwEp6tpSOJasR8N
183,0jDiBf803Blv8rp3QlyOcx
184,7skutlFh5m9qOpfgZMSenH
185,26txolfsixS8C767jpTREx
186,6Fn1nJXDFywPRM4J6KsTr2
187,0AvNnVWc6vl0ylt0s9S1tF
188,0jIjMIGol799k7v3kmD0ZS
189,2IcfPUAS555hfKxcuHUUXr
190,3LKOq8Tsv3ufu8t1LLQf9Y
191,1XuTyNtFLZvBBBHtgte5F2
192,4oHLmIbw3CkGvJ5EV96TKR
193,25CpDXbrcBWPTtjrgKQokz
194,5Lf5Up7cAooDveifotRDBA
195,4A8DzH3u3o7sukAqtjmIJT
196,6ylnImVpCCEmXFUD3PZySf
197,4xHpqKKjWAULcbFlVefLrw
198,3kxC1lTGYIoe18BrfWmPjg
199,5W1Z5Z1xPbV5OUthL4yVr3
200,0iIeXQ43VfcQXlsMSLMl1c
201,4UmwjnEQ4CZy9XmaN52r0I
202,4tZIHyRe46VpgRYMJWcqPO
203,3w3jpvE1iCRwrReIYhecRb
204,43dazanWx9KvGCs4jcqbtE
205,0BSJ1iQEmGibLCPMHGtdo7
206,5XagtNKNl6E0VFn2d355oe
207,0dBeZNIXFp3P5RnNQGEu2x
208,59X2sWl3SBtUgkMEE1RlEx
209,0kcGv61gpfoGJqQp5XcKfO
210,7oB0QBEnGRIJjvlDc8YnM6
211,1LIEUXGvj68507oDhvInm8
212,6Rkr9b1ooiIgcebMRATPhD
213,1WKoz3HXkYIt7RrigsGd8H
214,3Us7ZYk1MxPMvQu5mnI0Zw
215,1bhRkHaQAVKNlH4arrrJQv
216,6yAPBF2E4QfcitKoKRiovS
217,4aJr80fBig7JKUsyxUeQMP
218,3Yh0UKUflS0LTuJjUJgKNI
219,2dQLlee3j9j90ZXo9sleyD
220,3agLlt9JpTB330JWO3IA5v
221,3OgkfYg13Jj96E982moWje
222,1t9Yh3MaABL3wRv19rGYIJ
223,1CuE5ugqnQLdsvvamUqK2k
224,0q6LuUqGLUiCPP1cbdwFs3
225,0G1Du52loFnqrRHQ7nUxqK
226,17i5jLpzndlQhbS4SrTd0B
227,4TJTRqF9Mb0GD0cO8bARpp
228,6l0LbTF2V77M3LPpcOBmqX
229,3NaydPEwW6AfudkkqlUina
230,1xENEC0HxSOoXojZMYxoGW
231,6V2zt4V2XtG4x2EuJbyG8k
232,5vfQK8G9uaH0RJiG0yaMrX
233,5oomBIE4v4pYo7aUhq97jz
234,02ARurN3YINKqNGod37rt7
235,2BlFkslvTtk5PUngzWGtpo
236,4x79cjezqX3yd15rSrAVFF
237,32mArz1WHM1MwRVOnHcge3
238,3YXsOx0ucIfsSLLjKC9eeW
239,4XnJC2xyuK9agxVcwIYtv3
240,0DFkHoN7FKjLPRQ1RIOhDR
241,1sGpjDlrzobaQW6nUPmVIR
242,5VzX7mZUlGFPPuEcKm8mlV
243,0waPIgxlioI0HVVOpSTr1P
244,0E0xI4AgMNU7UkwBt3FCVN
245,7I6HMnh8wWVkxbBIVFovSR
246,4A8VMiwggF5OrCPkuqAlPx
247,6wArn5Y3UEmctgj5AsADnp
248,3lzMmk9e8kgotG1CAAIHJl
249,2rxXooZErB9jPSqydorHuu
250,1Qr6LFKNBFNNa2y6nMDO31
251,7kWpOpzvgGwLjtK7EgEjQG
252,6chMOLaH3UG7jd98wp4JdU
253,3cm5GHqmFOAY8hpYdsbLDD
254,44XIEFcZKzCh2AoiSNUGoF
255,796NTbUTaySCOVqvV2XIuB
256,6aFDo31zma2e7JGxd7wTGR
257,02M2OoPaKPmkCl7kidq6nK
258,3WS7spXVlbeC5kjePmHMQW
259,7bxCRQQjowMZl6tDLJCMRO
260,2Qw2S6qB0QjJu0cvfSBw1W
261,6uW8KTrcoTXRcU4xYP8TqQ
262,3NdK4ibo6B6bZN48pBskjw
263,6dF64KZN0MvS5Id9yyCYIL
264,0PlTjNRzj6MkPfaLHNeZLZ
265,06C0LO0Qjo9JkQuHwy080z
266,4KQyS1qem1w33Qf0OwEHNo
267,6gUMie2BcHapJmSZwoNjWG
268,5auxPiQ8ouJWE1Pe3SWhOc
269,0KRiLi2ucbIxkrD24TaiWM
270,5s1XpYV0CJLDrPYHbPlqih
271,5q9I3E4jRL85TLeWKvBWMF
272,1jMJNYdEpb3c5S6j3Ca9np
273,5pg9vSNAOFLtyZpUU42cBo
274,4Kn24MbABUA6Yvage5UvrD
275,0lXbcnyo5T3VTa7gJ9fdGo
276,4lp0WIccE338F5jRuLFDlb
277,3A3SNl2OsYO6As6c4VUS8y
278,6z6jhZKB3vcMN3YnmwNU1M
279,090bRxSmHfZK0HO0ZjYHfO
280,1cpANF6zMBoFoxkoIjZHjv
281,2istu894uff1nO5a20xmjK
282,0TZrmKSVNnRe4r8JjvJaoC
283,5tyN7KxjehDAUwxu3lUdB3
284,4KlXeaheot0OI9PoOWspvZ
285,7gePpUawLnGf1l1fnltiIR
286,51HLuZuOTIKbcuz5JEUb7j
287,4FfdmvdBN0LnLENhgJrpdQ
288,7MV4J60d8nwdAZQdXmNYmW
289,55tZdqljhlcFUqezd6xaua
290,6O7Et1ArYoS9nOKwRjK3Oq
291,0TWducu0FOa75QjURpxPVn
292,5cO1oGqX8S2w96CwISPlLE
293,07jrvCmNfEglvbjxPZ3GIv
294,6qw62yijhcET5bD5RwkLAz
295,5eRfljNo9nICHm8i77T1rA
296,7rGmhrepNzP1LJhm1bSRDA
297,5GVMAnMTX3miLXxC3pTXJq
298,0tehe7Y347aJvGjsDBjeIw
299,2sUwbKtpTLk4iAF5uKObX7
300,1MvddhnZis1nzjRiwpWhW1
301,464ZqN4UqyJTbibnQfsBeG
302,0hDA9MbcHvBpY9ukNTPoed
303,7uv632EkfwYhXoqf8rhYrg
304,6FwkSITKGSBNIpzdMDSgMR
305,3haSQ1sTtD7UuRI510NGwr
306,2fNCSdonK3E2ODMvAUx92e
307,4WLDFjesbUHfZpf2xvnQyK
308,1HQBJn15KYL902c7PHDYPK
309,2x5OWVqVk64FPDM0xbVIJb
310,2kplYNvXvOtBky7s9NB5Wb
311,1zmd7f8R6rfm0Tnw4pFA80
312,1a7Z5exQ1nUBrCV4TV127U
313,4PIvOADZcbVODWRYlCxYdS
314,0uQh79gIj7IgFI68CLmk6d
315,09JSmxCUJrjBE0dVXurHT2
316,3d6QJOieoJ1vzSUVfI71DL
317,6bkrID9FEshkMtIhMWSxFk
318,2eHP1tEq6DFVqJslJPPLSF
319,2qW6a6AcOSvtJk3MLt3t70
320,0Ne5itrohiBOTy425hrBGJ
321,3oSBVpyGQ9N3hPibpw0GkB
322,2J3kiT2VuOV8f1JuGyv2No
323,5ccZ1SwagMMiuhKgwS5XCS
324,3CUFFu1ifUMeRozLhbTdgr
325,6fj0wMFyJLPOWXnUuwxXKT
326,7FUvZCxuO3dWTZwowMITxi
327,4OO2lavE7yz5Ane6fEYXp3
328,1GstcZ4ooGDwEFlB9a66H6
329,0kXITpDCCVDZYu0LPuEaEk
330,2URjwQulkDiDmFdjSPrcSc
331,4ut7rmXHnJ7FiGxUu5wmC9
332,5iRVl2TQ54sk9KMed2iUDy
333,0UPi7Oa2THtF7WDAWGvDnK
334,1n8NKQRg8LVHy7oUhUgbFF
335,2nXkOW4fesxDw080qVVfTK
336,4yLSpYlcO0jPPLTa3nW8zN
337,1v57TDc8H5TKZBXykKHzwG
338,4ig4joRGrX6jA2ln18ayR6
339,5mTcBl0HXShCJuMV0hXbo6
340,3YtEWW6zQJywlH2J6SHse2
341,4PqiyUZuSwlssWRQPRkrFh
342,4rl0Zp21AhOflFl6ttv6Ou
343,0uR3d0l3SrQmKP5EEXiVOF
344,4upUGbQVqH0qlhEmCM79f1
345,245S8bjhSlQmrdOClFKrdG
346,7H1WfmD5iXfUmPZA8xKZM2
347,2p53CiuN8dXmdDDnUr2hzu
348,4O0Yww5OIWyfBvWn6xN3CM
349,3TeDcwlWPK3DWL7lrhPHly
350,4tomnQKFLdhCYOtTSmlv4Q
351,54NquOiocazAzjHpqIGGS3
352,11aA1ZPw3JP3oyXO6k4mPC
353,3eToaSocfoZIvpZ0dBsmbp
354,3lOKW6po9WXDidfTxRZROT
355,2kHRtLyNbgN50h507hN8wJ
356,09e4GqqAgTqDXSiMOUQOoz
357,1P4XzKG2bldGbhg6EO1N23
358,7dzNuRBCw16p1lHKF0vYpx
359,4wwz5uVIGfB0DLgyUzQuRz
360,3ETaHTY7ACGLqjhYskQ2Hj
361,5ytTh89FP1FkmnmZT6tB6f
362,18ctQdpMkrAxcdCOnqeIOv
363,72Dtp8jjytFyg4ryr37Iqi
364,23IVcgPR97IaIaI2PQAha7
365,5HzfnZhtGRSenfvmdnY7aV
366,44VAp0xmmV3DVoIe3Hs7V1
367,5DjNm2iw6u1rwdPWVustEx
368,2UEer5v08SeaipCQuO4QNb
369,6PrKZUXJPmBiobMN44yR8Y
370,40WXdZDdjnEIMiQynWYF8U
371,0AEBs3sZ492afceldzJzF0
372,5rSR9a0inBSyYlNTLa8BLi
373,02TadnJNMcVjr4baY39H1p
374,1m3BAsNsQAaSNMD2M6vlKY
375,46sokiIApAWai09g9N1WhH
376,5aJcTRuJRYdd7cgPg4ZN8O
377,08mNpIgvFDORGhekbe0n7A
378,2SevotrWOz8RhynvCa6w49
379,3YuNDk4Siu9P5IG3swx9Cr
380,0O9KHU71WQkr8PAZl3Tpqb
381,1Dv9Ak9tPUOCAWTPLS6CkS
382,21WKOugYJ7HL2EbbNK3WxL
383,0AGqXceSxxjhEBTcldpaP8
384,1cdf1zudJQ6vNqATITlYUG
385,0jbSaD24FqFwalit6jOxxw
386,5Cr0fRWrB5C8AcfpkuxwL9
387,6wRkAT1GTs33vg3dIChpUX
388,06rQSwMXFGuJbBPjc9ogR8
389,5L8ta4ECl5zeA6bGqY7G38
390,5stPdVFNnyEahYLpWs2akd
391,0GgT9lSa3nOgHTCmjuxFPd
392,2jUfzc1laRhp7krOq6zSns
393,19i0eqVS2lrRToPje5e6Rg
394,0Otf1ZfYNIjhqFIuJk0fsy
395,33x5orlhgXWVIVCHnqfs8S
396,6ZFbXIJkuI1dVNWvzJzown
397,0BJTbkmrB2Y4E9M8qVzbYZ
398,1beB8x5zGWu7rQS7Y6jOLQ
399,76x2WA459RgfUdms4NtBRO
400,2zOx1I5htKbcPoKspVwcWs
401,50mL6pbI0uI6YX1xbSer7g
402,2P44ghy6DBkttap6YzBBZQ
403,7gJKSdyXa95FQgp9us68OE
404,7yzM0pEseQUpb6BMViOPEA
405,1CXvQuCr7gVgaYbOO41Ohq
406,2hspCATOKb9llyIeMik89G
407,7LKcGMcgzuj6OTeaI05p1T
408,7yeYlzrGTzmRudvoeqa9qK
409,3bh0lh0I5pM7q6v6Di0Py1
410,5NM9BPW4rjudgzl08JmF9Y
411,5HkUwvLeE5Lhd2FZjuXncU
412,5CwtA3N7sBvODD9MRvROaj
413,0p8gq23UoCaw6mfndx470w
414,1g4Xeng5mtYrcW71tEP4Xh
415,1caXpSfEPqmXx9HioBNNcP
416,1xRCmlU2GyzGem2vw4glxK
417,4NvOG1IZfx5aODE2wczmO3
418,64SmfekfWcFnTedsr6kKyy
419,4IN34Iq5T9x1vN6MASxvS9
420,6pahoBeQNNAJq6aT5QfizL
421,7utRJ4BeYx85khzP3lKoBX
422,7pKWTcPfT9mg2iAhobFHpS
423,1cWHaz5GDrhfnkXTIYlGHh
424,6vHRHxt4D2odA3DUUdTfKg
425,2dqLO6897sZKnAAXuOcdGW
426,3YwpEWGk8QSIYPG8P4eOFx
427,3sO3HX4EP1jS9rZW9OvHCN
428,2GozKLmiGQCYjsNN40hnip
429,0sYrex5gh54aiYJ8pvBsI0
430,1sr1NnVTSUZL2xGzlkiq1G
431,1bq6dvKwiL9Bn8j5tAW3Oi
432,27Wy3mCVRdW9ih3jFxRvtb
433,3BO3R8SLyb9cfSCgk1kXUl
434,6q4c1vPRZREh7nw3wG7Ixz
435,1Pc1UUB1drrtwYQts0BiLX
436,0ZbrhdvEJowTUKbv4A2pmE
437,1tzXb0kRm7DA45EUen0TqM
438,7jP3ujnhskTEljh8Z1ZoME
439,7DDRPKLKFIvDbNSQmnz19Y
440,5aNuPgou6IsV49mVfGKR08
441,6RtKSNd78ZR2mH1lvpfpgh
442,0sh3ksrBKS9MfrfJxuZR5c
443,19Xl5k0LW5sIiaEQqdho8h
444,3xyWojY10M9NSgnW0FZCbI
445,0PztXVa2sZ98byUvMbulRS
446,3FbrNWkqsvfNcpOzA5INly
447,6vcGfhUigAp0sXzBUeLfNM
448,2n4qxtA4E5aUz3JPa0ny9o
449,1JfyhapKDVF6e6U5HXn3Fd
450,7Bto5shUBaNnD3YDv1rnXv
451,6aSIDnecfBOP1oA8jK8lNh
452,56cKYgizZz5qmyPYGbt2oF
453,2w1UWIyMRcNqbseWaJJ5XX
454,0m3cGW8hDGSuRTxoLtFsco
455,1VBcpEf9rlEZMoogoeJM8k
456,2LFGLqK12IzOi5sSu5wQJ6
457,4d3XHYFFuYYzxWr2cJ6yQl
458,0ADAFZE0bYIuaIyPNFl3LE
459,2zOGUiRStjCJLbvc7slMLR
460,6sE6Ly2eH7SGKKM14DGIZU
461,2Piq9BsX9ooaJpAUGYt5aF
462,4WLyBSJcbRh2lkTIinhLDn
463,6EZMiMfbbF8AhJBjBXSElv
464,5Q5MFVjUWVNgb7XBerPdbQ
465,7uTyDwZOpODAIIWpkyX678
466,4HkJr31bgEdCtEHpasC7Jz
467,7yoQyZXnpRbh7k78dzWO00
468,5RYXVImRSNAEQ4zKmuKTam
469,31qNACH7nd93EmGfMD3BZh
470,3Otjx9ULpmWdUbkDTYDXHc
471,542waU3uXCF7ZVyNDvePHk
472,0VLascXUZ2Ze2u5kUD5J1f
473,17OyylldI5H3n8XxyaVqY6
474,2pN0C4dICHk5z2KRS3c66l
475,29axpCDY8Gf5cJOZ8rG6AS
476,3EYY3nTXuPK2ALAaZoc8u3
477,6EKyf3e7nlhVtRxROaIn3g
478,3PDYWtoqddG16YP6nONF33
479,2AIQ4vQLWyfGGA41iTeA1x
480,55jwhnIYoKr7UszV5ehTa6
481,0S78qezX3QdsGDp3LPhV7T
482,2Q6eFnA0ngNJvtHDlcsJeZ
483,0V8x3DYx47gwmiy6g8pKEp
484,2oSz7BJox5M83ePFL7Ql2E
485,3xr8COed4nPPn6XWZ0iCGr
486,5loRrMg0iqxgIhDdmMqJyv
487,3XZokWrtZQXYCwYBLXmSSk
488,3qmBqj3EmghQ4UayTRBbL1
489,2yJVk6jfa2xAEqVb2qDFgn
490,1NmpwhseJE2E6ctSN64uHi
491,7pfo4j1AsU4Cm15UmXMkTB
492,3PGYnbU4HJDUw01PrME2pz
493,1uvTgRWi9C0m28s8GnRjqE
494,2fJQmRWmlyqRxm8Pwdw7th
495,3KnRy8U5lNDckLNI0JxeBT
496,2KWkVQIqJMFTbugSLLAwxp
497,1ZSGpxA5iWozqbeK83zt3w
498,3qUHR80cjmkJEHk8YB4hdh
499,0IffIW3eyCx9aZ36IqOu5o
500,6OdzErt4pl8CWZOVcpDtj7
501,05LNBtMuc26HSAHh7C6iG8
502,2LxEIWrZkzfc55c3rk05DH
503,0CHT5bkpoltr0CLS1ThqYb
504,7j4cdrK7lj8V9jRa9fc41w
505,3Eg4kKakfl6ZwmGgW9CDIb
506,2jw4JU0wJkNWURreYQsblk
507,6M2v9V2bDKBVjfUzIF1EDi
508,2GAcOueBAbwU0kgaXKVAdM
509,6VctxfHGtzDFoMty7raTlX
510,5TjO0GOOon3R6YOnRFPwzk
511,2DcmhjYX4EPPPNQ8h3nCGS
512,4sm3tGqlJ0qMIUse4syKRI
513,1zMIe9dDMpCuX60A61JSEk
514,3wEzlLcMYNAIssspEyBK6z
515,6hh4aPNeuGDjOFnKaM5h7W
516,2y1cW84gbL4ghBD2HwcQ3x
517,3r94oMT1M8jF89PSw8qU00
518,4bnCkXd6QSOe4gbuW81Iiv
519,2N1fCSr5EnKyQZ1lsWBquc
520,7sMWvMFg2eJ7pfVoeefS64
521,6oWhUfePc5h9r5pfw7wvPN
522,370TxU3tPIvVLmCrGd2EZ6
523,1K2NgS8UaPjRtbGvUYE7Dw
524,4BbKj6LPue8dBbqO9fcZXb
525,0PGy1hV7iaBtzezPbhmvwh
526,6NTrpCqxtHMp3fnEsGIcky
527,7rpDX6ZPO0bQn9kLuAgj2P
528,7oTKvLjCe7db1UxsImGBwr
529,7B7GBaoKy3m0kCFETR56wv
530,2Lx9qpN7NgiWD4rgSQRBGH
531,6RrehqfwNTkuQiWu0WNf3X
532,0Jc2SfIHv63JNsUZpunh54
533,15BP8nUb3oUEP7hRy4mFoz
534,0zZIYr7bxWx4RMQx5k4R3G
535,7nhoZnR7T2a4DYbCpPzIVt
536,0a9mUPCyu1R2kxRqDoO9Q3
537,5Jh2I2mcYTvTse5THWSKq3
538,0TRq2ogAfvdVXKnZ6yvv9O
539,6tEO7bieJDK8CAI0zplfu0
540,5mtuOStn5Ntl6BkI5M8gji
541,4IDn6FlDFosueSOH0mfExb
542,2rv5QO7eIK3gbKiPSxihda
543,7e8ZbMDwjdbUHWsoMOlZCd
544,6dKPSGiyUJeRrZSCxmQBAV
545,16QhvfPMBLpo7sFqOqTff3
546,2fNJyKMTqayJ4KIb9JT3AJ
547,6qyWZexscIhNfJnxvc1TdN
548,7hK9jnESeCfc5fIHH76jKh
549,75bbC5jY6weR6ILscRZ8y2
550,1zOqrZCX1qyzyIlhMXALH2
551,4YpXSKVrp8jhI7EAPV1xpF
552,5dZu9qegz7rPiSWcMpygT6
553,3RS457XcRdIbBIuXLeWf2M
554,0hY1lriPizkVAlt4XXx1pG
555,021Dbw4GkAwkkFuot41mR0
556,7ivXObFl4X6vZUa4cKgApz
557,2lBUvk3cqv01K66QrqLzif
558,5ztLCIjBElyDk5qXfGRNNP
559,7660HEb7IyHEKK8sfS38Wn
560,4Kj2xLNaqnbA99wWl9dnrR
561,477naywDON3t1iAF4COlOV
562,6LgO4fLtl53eqrqMw0J2fV
563,0ZSsFQUlK9SGcZw3Idrtaa
564,5181uYwbI08a0c7GRokOiP
565,7MVuuF7Jvof8rYYZ2qxDO1
566,3XPYMyW85vr0TxFcCu5fAj
567,60p18YXhrzLNrAaUXL8Bu6
568,27jdUE1EYDSXZqhjuNxLem
569,7Lcxhk6fLD4Cm1CM0gr5qJ
570,1EUppC8KjHBgyLKb06OlA1
571,0JXLAImibeNEoBMZKywrGI
572,6vo5a9n1HWYroioj7k6gZS
573,3xEJsNuVvU7IdX3VxAik2X
574,1ddgBRk8vVyrH31mTpLsXY
575,3opq9NFfO4B0ixzi3CE0Qn
576,0VhkCytrhq2EjntoAkbjvZ
577,1xPec5BN0Zxv77zrWKq43S
578,660j84jp8ljIwLFiAFprlb
579,3Yddrcaam57PhLoib81JGD
580,1ZNlk8aE9BhgCxTlm53KAX
581,53AVO74VO9jHqRcMgaLzpM
582,50n40APf0cG6NJVFGVnt9H
583,1FycPgMDd5NkVV0zzbxGyN
584,7qzeJS17LVxmTv6B6ZIg7y
585,4Wa9WkQSacZDsJQgov27DA
586,0WMG5EgKUdK73cLMEPoRMX
587,6fLdGQLerhJ5GfRaDtUeMv
588,5veFQvY6ooJ0rzjxO9cAkW
589,4n2VYfRqGksjp2rfsC5xW5
590,5z15cDqIrx3pGlxjplr5PV
591,4lj4cW45UP5tQ8AhRxnQi9
592,21lHqykRsmecttHNAfGk4C
593,5fY5gnb48X4m80sPTz6GLR
594,4AMeTATGlTyPaPCRzpvN47
595,5gwKr2rtvoBgusuTMS3XOS
596,2NChLGjZ93zqggig6DmoLL
597,3oVxiRYsdchd7Avi3Xx0Bu
598,4Y2W4zKa3q72ztbkA0r8Va
599,2TTwSbzdUsJPKioJ868N9D
600,2ir2gcSm7S0H1Fa7oGKfLr
601,26WjmLsNl1MXtnzrLax6DX
602,671CRIthOtwLVvibsFrS5C
603,6JOqYnE9SCTzZU4BMg42mE
604,1NtmzAW40ca0hu1cupLzFX
605,0UsWT4UhwBe7F9t3VWnSNX
606,7MAnaswAFhCkeE7fkL1C3g
607,25s70t8pGzaIG8FWCMwfsc
608,6vgOqn7w9SaepGlAQqbfMW
609,3ptjG1PWsdYkJO4vpRCaIG
610,7JtcCde09fsajDNHmPFrX7
611,7scMyDru0x1khrfW3WbKnj
612,79EPY6nX4DVmI4rnXgJl3N
613,6ortiAMTtp1BVEhmZSdzFP
614,2vDunj8ibbhIqgLgntiZ2F
615,1kLeO0H9TdEewIZdr7Zi2i
616,6doY8PkXq1G5Tu69czt0tG
617,0JOZf6b4ubKHIVrwnxVbXQ
618,0lJ3iwfMWh8xDXWuGhbMv7
619,2mYuazFCuAeDsU2EkY68Bp
620,6nywzGnK18ZkKoQ5DY7aD5
621,3ZlrImCUC5ODy6hO180NVr
622,5sn5E8HsUitOsC70O26l4i
623,1ODwijsbTw3g0vEQgYC77q
624,6O2MhqlT7ZqIYjRyr8kO8t
625,2dphvmoLEXdk8hOYxmHlI3
626,252wJ7a1gTi59YZCDYiKu0
627,0YkKDfTYI70WkYSBWh2LQM
628,2V9ZGEAaTrNaQuck6WBxPG
629,6vT6GhO6th2JE3NBQRlhKL
630,3Cf47MOQsa3ijid90gr5Io
631,2W2d36UbMqfzhmufiInwJr
632,2lJ4d8MCT6ZlDRHKJ1br14
633,4vmsHQznrm160oNT5QJxkC
634,7KUJeTrpC3Lwo0Nm79P4Ju
635,0lKoQnWjjPJUHgw5nCGKAn
636,5KZl5yEJxvgiiKqpx8vnaF
637,2eOaJIuBfvoV3UoOE04bss
638,3uS2P07FDjhm1GlXKWKilM
639,7D466lnRuZn7ImPPnSgDoe
640,6imKHLNom4xjEj2n3ZbKHr
641,6BR2T5zZBBh992hB0ks66b
642,4mgiughUzH0A9Vv80cTBjH
643,5YdmA6bqwLXgQq7XmSfJcC
644,7Kz3cJFlZfhGvyD1KZZmX0
645,0rkajHs0Kcw73nFDlKmuBk
646,4G3EKvGtqcUSZqPQIWJFxd
647,0iFiaOGE9TcgyTvHZsmn6o
648,11WFSZWpWVd85FzOi1EMil
649,6fvu2d6gHAdiNCMco4lTxK
650,60INvemo2VdXUU5YOZfFTP
651,1czzmAtPTw287TyMQEfCfg
652,3Scauhkn7ua5V5XkxJpFf2
653,4zAzF8denMQ2A21pWfP8M8
654,6s0M6NqA9YIWnsRPMKRsi3
655,6GuUOebDE9IgP8xFtQs5DW
656,2jfiDZCg4UjLJEFktdcAV4
657,0CvurfkYd3WxmfFXLQi7PM
658,3cDWeFm4sMWy0mCaOFuvgn
659,3AeIbfjydFf46N27feEFri
660,6Ya2qO1RUIFJhFMmNXJgse
661,7ctUWHg9gzPgPGb3dC5sxD
662,4FbyGU4nbHHioKAoCpYRzH
663,1FXNWPKo8AhjKKYHV9tMnK
664,4Lqj6y9e1JgKlYTfGOPp0Y
665,5NFdOi3KqJ76VfrMKKG7kt
666,0U58rzaqSd4AY4c1GMbuTb
667,7v8xuRx4WC8BBGp4SNE0Xx
668,5DiQrTkI5l775om4g6KL2I
669,6nIIGKfyASHz3gTkGFrvLa
670,4K5o0A7lQpHox49jSNc7Yk
671,3vlClkZKb5SI3aRJpDVR2B
672,4Ls1CmcfOrdWnlZQt7cXeE
673,6CHIc7NYBvYPLEUHQxhHKg
674,1L1LHd3JF1UypCRdXsnkp9
675,48bFgWuYofpZqmIxC82R8V
676,2lx4xGRieHpFgzzqP6ArDP
677,1to5IySvboywOgXW9jCjDn
678,6djRBKQoWVHgnFZNFP7dtd
679,3hiuAbARNcPiVeTqvRFeuj
680,00ne3qRgc0JqY6MNYfhWri
681,0Vl8bCecLR1t49sQmCubbH
682,2zkZGzzWOzGwi1rtWv7mhZ
683,1iN7lWXB3OPkKTSdsPcaxI
684,3ZLzPbSOw4OfVqa5zyEWCu
685,4BaK0vKDFDOSZTscvN9Cdt
686,30bcxQhTdttPv3raQLXEoO
687,5vWB9HbTnP0n6aXZpMqBiQ
688,1qbsaOxbQKRLDTSyS6XcFG
689,7DaMc5geC3tDco5ejhXqw3
690,1wiwucQCEeXKVKeL63vVj1
691,1P30rGmTCmtkYzjddyfpss
692,4SxoponB2oxqjuOSNYhTjb
693,7CIoJE0JfVFcmmUY3fFojH
694,1ps5sx71OhHiBVmGiKQSne
695,0wvbb2MxlokwqSvbeoOOHv
696,6qNQcYitWE3mY2WDaTv6Kc
697,1u9r8aNn7xgvdgjhvYJzmi
698,1ohoaGnztWcfczuRDceRdn
699,0TYaiwJB9eLNew2VYxF6i8
700,3yigNKyVC17jQxYY1aSPZx
701,3QaPlDueCFnbJdPCeK0RbM
702,3YYqr57gEURJQGxuQ5EV7c
703,3SrEmZTtPBo5Mzsa7qRsQE
704,12zGav4UDhMJ9l7vzfVOLJ
705,4USi5QgbTjY3n7hy4WU6E1
706,6KWlIAypAbAjCH31fxBhab
707,0P3TUNfXfhdJ4rgdZAUL6i
708,65ncpfpqS6d0oF9UaIbvBn
709,09oBwhrXdwv0Xw2MkBBDPD
710,5QXDD5E0bWRdsgW0bQTYRG
711,5uWzSBJKqdSKJ3uMrYYUIT
712,2eFKueVyDLr80sZJkLyw9P
713,2pRGwJJ4FKsmgypuM8uBAR
714,3K9PY33TKt25UXX6YymFQq
715,3RruEbLlmaGLGjYVzNtYVZ
716,08rTZ8jNknn8VBS3v2o8pT
717,186W9AFedgM2HOBRN3re10
718,2fkPXXnPh0jhtwcTxLobqd
719,3qQVUOHJdgIFWJd0jrG9GE
720,54QFGiOthVqXeJtiXdlLYa
721,4LaJulTC65NsRZuXoNUF8Z
722,0j8bnD1EGeUPjHBnXPHibI
723,30vv2zLyzKWwKPi4rTMzOG
724,2dRhpZVaUKQksScefYs0J6
725,4t3Yh6tKkxXrc458pNI7zZ
726,5JVLklFBxXYa6HKYKx3Beo
727,3gExVTr5HwZTR4ntkc9cUE
728,6LXh8NJUgPAnbHCfEj6bwB
729,0rHCW5eZ35QmQNVYyozAnZ
730,2FA6ZLzJ2f5ZhX1qzoGfWA
731,1g6pSS6fGslaQXDiS8iMkW
732,2LDYvpug35TCwdooo62tD2
733,07KSkoLU9YJZtURfvJBuRl
734,5Z6c5OU1R6Ey9T4XOZdU1z
735,7xBhhAl2x1FVhEljiTtLJw
736,6pCc5a0y7MUhfdMWTdiPhN
737,4QjhTEN5goV16V5HtQsuMf
738,5iIhoI5u2l8BxfyjTSUPjy
739,1dLb36wK59q5QgGCZE9YyK
740,7H6lDjQ509hVPiN72wlwzM
741,4g0c2RfsCWOvXlyDLJjGoc
742,6vdZRqSWf9bTOsOmP0cTf7
743,3ZzhV6JIDKWvWR7wiKWD0C
744,5YmQqaXfFcFUjkbCjEe4QK
745,6L2qOC5H903Mo5YCVK6FkL
746,0CUTdiwHWlO3VGWHQxpbeo
747,7tmMH4uaiTHK7dsRNybAne
748,6u6atXen81HpwxxXgHtBex
749,56ZqOPBDrB2Gky4WyigPZL
750,6xwhCiWXREsAIQVZqHswVw
751,1UBd7aWHZCz8yirI9KCvAU
752,72XHAwIqoQF3awnqfGHzSX
753,37tufW93qg0vXFHJB4a9Jr
754,7nkzPU4yoikgLfLoqsxPYy
755,6peXCPlFpyZr2uvEJICXw0
756,4w3bDJJwmlomeCOXT4oBr1
757,3KSlf0oOA2SLUd9WithXy9
758,0Xf8nLzbt3TXW0DejZhHTy
759,5HfVLuge7NXEKY2ErYWsVN
760,4d7ykbG4a7mOxKr9garuo4
761,4ATmrrl62WO59u6kihcS6U
762,2CB8NTimUFSiYb6TAskdeH
763,6kdDZ23tGL1g5cr1RjBlhj
764,5Sr5DBLaHFosk9pGlbFWGu
765,2SD75djCvrho74KDWD9YgY
766,0qkMYjXnxz91fEnnuMZNi0
767,1XIOHToglHMmtXXs1wZLiG
768,35bP5sBitpcOB2DPzGtNgf
769,7gMDfl8u2nmBoEgvOmGnUh
770,7sAegd8lRXAYEW4utawKtf
771,40AIZLCdm792s8DvwpPRLd
772,2IrlIGtM2nn9J5I9IRuYso
773,6G924NMGZJiO9OpUQIlHph
774,4jNQkWhuzqrbqQuqanFFJ6
775,31loMj4ZFxOedEd2bHHQjg
776,454PvA7LkC77oZRwPqcdP6
777,2nWHzbBWBOePUvAImQv2So
778,2Ef5Vgw0ShuKGoNfO6Nrof
779,643HteZrS2BZW5ILbOeVkk
780,13PUJCvdTSCT1dn70tlGdm
781,06y8DoxhcukGlIChYmRWQ8
782,2yRPnq7EUV8mVBpOOK9jc3
783,0MSEhfQE0256xTKHtaNkXB
784,6QLp8WLQlkqSd9l5fEt36R
785,1WMit3lMSjlbgXKEQvjseh
786,688DZF6e1MH5Uf409dwaHm
787,7GfcuA0aebfcSz8wbex9Qb
788,3ivi15jAUt262SxGC8vQl4
789,0dXeECLOBFkFG0NzT4nR64
790,1OacCHsUQIAuUtlqv4I0c2
791,0PuxFPoTO5Ox8JLxO7JuZX
792,3MWToltSqef5lgDt0pO16p
793,5XskKD00gs4XvV0J2PY3Wf
794,0kC2pQf3a4Cdvs16KTbWCC
795,2cOl9k8wmovaerLeWUTUiw
796,52wlOnqxWl72m1zSHig9eY
797,4BtfhdqQ05Vfmk9aaXUP1n
798,0vwTHK0RI01avuLIrAHp8C
799,1ZsVFKysSROWBWZX3ZG1Gu
800,5pRvd7BtQZ42S9zegc0nOa
801,4kYoZAi6P7yXNM1Bjbf4ST
802,1vriNGX7VD9Cx0Z2N2IglO
803,59cCr3aMohdsVwKFig5Ukf
804,4ZSSNbpSnnm1wwayrOJZwl
805,6tQryZ48dDKVU4UypjXDXT
806,4CifeS2HwRff5L5acCOEKr
807,62JUyGNnfRKNp01bNEyLUB
808,564Khg2mzPja306jcif1rI
809,3j76McoUI18gDoqxYE14Bu
810,7h72nBrDnRp4EejkjNWVWy
811,6VnPaXSu2yDYGMFONryAur
812,74K5lZTuJa2w87IPTzxKaz
813,47ZWr1Nb0PUgmKgyg5JkgO
814,2kFvFeOcF299uiOJlP7at5
815,7oaAi2tLJzJUHn7zGTfYpy
816,1FHpgVtsaDeASGQyehjlzS
817,6vtY2LUeXJ7KISwgiTu0Ph
818,21Wlf0n8e0TVGs3MyGDvTt
819,5zMXjQ2PmSjW42mT5w93zs
820,3FFRYNc25O0L62UhQmr1eM
821,5QhMDMcK5Wf8xUKmwrTvWo
822,1LDQpmzXg5ZFfdqdBQFw03
823,0gbKg7L36GzPZ93aQDVHvV
824,1T8Y5s4PMRKAD05b4KOyNj
825,5lB3bZKPhng9s4hKB1sSIe
826,3RoQX4ou3qYEASsuC7YAWD
827,1j7Aja1PyrcuczY36JmzBv
828,7whKNTYukx5k5Iq89Xb1K4
829,1brH9m4Q2LHTuwxaKoMTn5
830,1J9iVCaEriyoMXpj2XszhU
831,1u9fuyMbnR6LTYOzJYUPM7
832,69eD0IfAqEIUnKX63Npksy
833,3MlXup5wJvcVOB0l3xVePV
834,4lhK8ZqDOLb959XMMGcvaT
835,2MZSXhq4XDJWu6coGoXX1V
836,47oK8fKXXVGsFttsaaUrnu
837,3lUZ5NtgheTRBhIAAEoVKu
838,73dk1Hmi0bDX9IMYISFuac
839,2PFXpn5w2hAHcVrnInSFZL
840,0MmNrhvLcoWjo7AOr0vgka
841,7IAFc5iQti2tzob7Uo7N1Y
842,0ERk18BFV3SpQvyGdsvUjr
843,3qPQxLOF4cAi7rvHUn4cqE
844,5gn9IqQUD4tHb6MD6gWZD2
845,0ApTmyUvF4lb0ZgYGsNszm
846,7ueP5u2qkdZbIPN2YA6LR0
847,2UZXQrEi0A8ySbDuyeuMt3
848,7aHXCG5cGPHv4BhSBaciEL
849,13VdXFe27FOq9CW2CJaxID
850,2fvad0h6zooi0XDoNEJr3R
851,4cK52WJ9gD5M3VrJoZvhaN
852,1QxmKMggKPykokcwBYvjso
853,1QlGhMVQkxVaPx1xn1iytU
854,7ixlvVphewtUP008zLJLJY
855,6pe8ENsc20Qrib5vgOrFGx
856,0DTK1wka31c9Iam2OywdKg
857,3Bcbx583M4HepeM6CEb36W
858,4mtxCJw3BUxz6p8CopGNRI
859,15vbomdZhnUR4iXw2KK5M5
860,11vaRXRIFXJTRr3BuzNbk5
861,1zWaVBjPgKcFM25rpAAjKc
862,7enRMTKnzaeYQsBgRYmCle
863,0xOwnhjdm8f79hoVEMFY93
864,4VkJa0cDx4JTroJ693J0B2
865,24rlqafTmogtLHGAfOvLqP
866,0SiMlVdkAPr1UPgr89t6Nc
867,1H9rGpQ1Xqh45Y13mzfJvU
868,0PD70LezIRS4kAGQHnZ8SG
869,5grzlt83cKal2JPOiGeeuv
870,37M41PAcfHxGqBRnv9s1Hg
871,3OmDM9XrrObE2FMdf20KlK
872,6ePBP1QrbQBrAJawrV8kiz
873,6ffJxrVKkPVW4hiRoiteB2
874,0JY5c8mjhc3kvwsqicxTl7
875,4PfdoGUe3sNDtrIZmeTIOF
876,37sWynfhKopgV5MhZUuWGF
877,7p98zfyf7VkIndtmWA6iGr
878,65AXZTNEBO4i5aQ8TAIMGn
879,2oEvw0AfrT2fPNpEnBwVml
880,1b2shvlvvdNEDJuOo8Ub3p
881,1xXpk03LYzaOC8eQHUbmCd
882,4llDF3RuBQYj2nkjTCJY4w
883,4CZfPaDW5madfScpZl0nDU
884,3ytUgxZj1EYHb8zlk5VKk6
885,7wyznHrs1tQaeLMRdteaEh
886,75knaKjp6RSDUnKABI0XoQ
887,3srcCsCjdbsXQKoWLCXFe5
888,4d2lZ5gmuWIChihZP21Fva
889,2jgNuCtykniRaYhvC2QNlI
890,43JLhw4tT5FqhckbOLqOzI
891,7MmWcH8NQ0e9w8naaWp2l2
892,1gMURuwnafL9A2LHy6wWlY
893,4XtSFmYImePldNHIEzDeF6
894,0NwyxchEawg8eL8EO2A1DZ
895,2g09gJN4OcTGr32JlENOPk
896,34cniwFjkU4O7SZKUxW56h
897,1sc7nr4cXBBN2PRsxrmls8
898,3y9t5wNCoHAOawtEfqJpmJ
899,0kd2DKhQH2lEH6esChjd9C
900,4p6upktU3Ms5LiFuwzXAV3
901,4BkaO57Zh4Ra5aMIwrzAeT
902,3q0Ks78ADSomVdDSap32mz
903,3N7pO8GWm5qYH8S83ohU5c
904,4J8WVHRtXM6SMgsF7qohXy
905,3G0YoB6f7KVaQnX0cn58SO
906,5U2eLcIC0k1gHAnlJCLqai
907,3Hwil54mTI3K83ghQACiWs
908,1TCkrnjuurf0DNLLoJxVyd
909,7iXPCxQcP0FMJ9lDbYKTNo
910,7vcuTZAFyu0Z5dgMRLR0h0
911,5KGf2YteIJOZrpV98qQHiV
912,3qF9WLEnhK9cX5ol9sNut0
913,0i5VMXJ21d8meQpyaxT3xv
914,3szv1wBCcMXFx7GdPNm721
915,6jC0JJ43NqpbBgY1mf5uZ9
916,6AAxndfN25URaM9zQJfWbU
917,7e0HabMAjQEYduI1qfYS5r
918,3SDPAZNkmiYd7MhEPei55T
919,7wcYcpYgWQ1JofuqTu7jhk
920,7flQESHoCoDzirWF4IkKGq
921,120qQ1McNzHpwdB9fd7j4v
922,3gMMHNUrq3rPeUfgQcAJ2H
923,1bZAgw8EJgqW43r5TfSKLN
924,2Ti4NFS26EdjvL57RPjkY6
925,43pCqQhPC4srh7WFL9u4tr
926,29TZQMVLv25CBm3bYn2EIQ
927,1h74tyOj7qcmjKnB64BLOR
928,7BzhqmRj3iOZXqMHqiifHr
929,2auBuIN7gvImZfmjrm3IP2
930,6rZ3wEvcLUmozTRkiXISLT
931,3yPHr3ok7ZITWjPnEkwzM6
932,1p0gFaWRROcsWmvya1WlOK
933,7fHnHy7pH4hHLQxBq1NbE8
934,3juv2uykLvvJoldXzJvFhq
935,5P6vo51dtkBYWXswH1twvK
936,3s2RFp5hU6jEvAmfZrnrAi
937,2h0pv8wU8UakPCzmcZSuXE
938,3oqaBugx3LV7AK7vdhjKsT
939,3tqaI2pKc50nWcQdrxAQdm
940,798wdqsbkQLN0Sqp9okbxd
941,4J22SN9pvhb6lHxrB8HSLN
942,4owSUnc0zWYZQ6VWcjYd31
943,0BeN6CA7RuwNdJa64NV1l0
944,49vl5kHdrHhLWmDRCeY0oG
945,0vUKSQvNb3ntbuFy1h2r2O
946,66dtIYkpmtSZAIJzp4qlKN
947,0PhMmWmN80cKIsKoLOdEPN
948,4vhXvJ18qDfdZCoz8VR5Ac
949,6GyMbU9ZWqHRqGJAUiIRP5
950,5Nn2Dj7OQsGL6pgQ9iIzPp
951,2XvScbb7Qt8IWBrPP7tx0W
952,4xxIMjx6sNmRgJx7fJ7ihg
953,24JQck13lYuUCMKHHu6mWM
954,2bDLTMtjQwVryomtX6hG4P
955,6i8l7jXCRJUuJwO8GbJa3X
956,0mh7eTsBmQj29bkgpQKoPj
957,5gaGARxmgIoSXmURSU95hG
958,4mraRJO2iZA5WQ5dxlSQx9
959,369eueSk6LXTh6u5hYR1b2
960,0Qqep9abOtBxR7TAt59MDF
961,71LIdIfvcrIRkJNw0RT2IU
962,1U92my55XrL64mog5JGODC
963,5CcAkJMkqpx7vwyYq1CQQd
964,7dU4TLTzGZk9FroEGlMbFi
965,2oqgnxjyNYItifLYl9MzaW
966,5M50qaptIGAfbuIHcwFCuZ
967,3DNRdudZ2SstnDCVKFdXxG
968,6Ss7upGobLSpoLNmO7jj7u
969,6X6tYRcP1VBxgEZIwmqbFe
970,2QcTsUlTKcrkIH3XVmML7Y
971,1PoRGnn6KqdOnY22gBVrzw
972,3MC79TErHHp9FODo2ErBQ1
973,2Ow0yMUSccQ4vmfq8pyCCF
974,33epO6drRAdk6jWlwBkqC2
975,1tYiY1wABYqO4JQGijFPHr
976,4DjTp1Cktd3OdvmNrCkTOi
977,4bcyZfaAWCN5SwJgYToxkN
978,7sHCz2xHuJihrERCnUkmLg
979,38n9cqj5lZ2xMF6IHq9TDg
980,1upQiytDIEZfl9ItruoXuC
981,2zDbFhNBErLkUfwVslW3lY
982,5M67k54BVUDADZPryaqV1y
983,28VwmnD29YNEMh6OwI2uLH
984,20VAzxnjcM785fAztSlR5g
985,4LbJFM4QRgvKoYU7nzj3Dx
986,5GtZflelBl8UOI1NvEU8xO
987,3kOW7LYkOXJ9qE05TlKVc3
988,1v0uVPU6BWcbog5BiWLWVa
989,0fXVCUQrwQTv9397VjP6yU
990,6KtheYP777tm0guxcbMqdR
991,25j0gLYyAdxbh0gphaSiOd
992,3SZyzIH61YD58TzEsebx67
993,12z7tzCVUt3pLNXADhQitk
994,21WlpZiXLelHjdoMUhHfrm
995,2JR1WeETsXmFR1kRC2oXXq
996,5omoZuexWhyFQyh8h92fof
997,4gzxtRQ0fX2xIkLdM7Gb1M
998,482t4okqDZMDjKr900Mdfq
999,3x4AbXBLj5t3x1OnAAVBiL
1000,5ibLVezK2NlPSq2CBaNl91
1001,0atOMgnZQ0bkSzDacwkKwB
1002,3sLgMuBTIEp761Zi7bl5im
1003,5GkvPnH2sZRda9YSk92dcO
1004,5Cxjo82mHfHvAysSMOffpi
1005,37TBjwOpcQIo9IhScN3XhL
1006,53Wht1VYmaZ57VPAR8aSKK
1007,4XxbBFfKlXY2E5PN3dHAfz
1008,1YifzovUWtHqLAKlme4Iav
1009,1lS0u9f4yc2ML1wNNuErQo
1010,1zeqghK8uQXeEbIQJna4NX
1011,7kJp7dwzTEdmx35K1wEYh8
1012,0wEAQ5J185y2hfuMEGjKy9
1013,1x9Rj0VuL8PkuTTxy3JAgI
1014,01K7WtcFrsolt07wYU8zTY
1015,4LvswFQIJCZcBOTBiKJ39m
1016,6G5tWfauxQ418TvKaexxxi
1017,43Bx78yw7xZufzOXAZLDb2
1018,6Nfeou4uzrZW1jZ6KUHwai
1019,7InD3bnceKsPXivpPbzajt
1020,0HFjkbNO3zNliDAfQf61th
1021,2uwWxQaPESir0zpeVcHRvC
1022,74mS9Xvrf62gSA4fVrCGO0
1023,4NsPgRYUdHu2Q5JRNgXYU5
1024,6djrtIk0n1y41sRM9LOsLe
1025,72cX11D3ueOjvAKIcu5Iyq
1026,0ZdliwFyLsOCfD6hPSgoXX
1027,1jjC4VuQ3vVS8Qw19BMksE
1028,21fG5gVN5JiKbyRIUGKzoV
1029,67F2FBLJL9Wn09qvPe6XVa
1030,5xS7JHjqPYvPSXYJxCRUij
1031,6DjOS2PYRPQ8amyhSpdErX
1032,7G6q1MHm2tNfLBt8fDSdMB
1033,5ykXsKJqx0GE0dsogxjylG
1034,49y78l709VxMkIcq7jUJKN
1035,28e39ZgF4yqqmRCr8bw8kR
1036,2KjHhl4FfRb9t9wIJoRID6
1037,7BidaWyDo5jkyfbVnBanhS
1038,10TiIsRhDW0795Msycgs8E
1039,6Oyu3TF8534HHRNlde4SBu
1040,44Vilsiw175y2IpL2nx66o
1041,3nuigRVfjSREzo7i4Af4tc
1042,26OL426Xz2D2zCVCtidEmj
1043,5mMV6EaKeZWkGFvE1xg13n
1044,488E8BWYDCDrL6vunOAzPy
1045,4Ce66JznW8QbeyTdSzdGwR
1046,4xhW4B3G3qBAKPVCf621RA
1047,4twZPBdFpG2AXWrlRqurnQ
1048,4yRMcsWVWCYGQPj5am1UCP
1049,1EyupM39n6HOurSiFfzYbC
1050,1eBwxDeN0OjfRGcFSE0YxY
1051,39ixK8F8e3D18AYEXtIYFZ
1052,2ZgP8BoWtkejALMafPsKTS
1053,2jjVsWQEUeZ06qSqF8xiBr
1054,1N8kgdsicbNkQE0QettJvg
1055,0RB2qsH3YGQtQD7bRV3DEs
1056,7iXBlomquLUt8TPymUyJJW
1057,354gNwpjlW9QKsMPLWdMv5
1058,5vpIknqvBAu3UUmZtImOOx
1059,19DwRnHP34VslEYBQxsOeX
1060,6TFBrM9IRY2VTgaEzgJ0Mp
1061,7swx5xLemJWVosynhueQ4Z
1062,0IbYGw9FH74pBQvj53Xk8l
1063,2AkcjsKlRbIBYGAgpQVFii
1064,2BH5BctvIo0c1RGewvY85O
1065,2xdMB3v24zqDaaK2QtIZAN
1066,0gch6AYwzLRfoJWci08vsp
1067,1BMirA3vwj2NLamWkJsVYq
1068,63FmCXIc4lmEq9fNqGkQ57
1069,4L99Sp02SawvDzzYmZEjrG
1070,5nsYZFNyMefd50yamWgMfy
1071,74lavnySEWB8iXb1kIfR3N
1072,0voFtFihGCCN9p1M94CPRd
1073,4zhJRCb2UeBznk0ugjrvpS
1074,74unAIRMOGUBYZLhIUUztr
1075,7jG5myIiEYVfHPfEGTf8K0
1076,7pHdkCXkeC8AYHMcIDzUdf
1077,5EhvDAos2Ppf82XN5EV60u
1078,4XTkUcapS6M4jok4ExAj8C
1079,2Gx9hoFSvLApiHdZcR9yuB
1080,4VWQmst41vVCyCODGtI6Sj
1081,7A01mpSZLWqneawVk6irSA
1082,338gVNQ6VrY846H6pfy83N
1083,3VXQqKasT2ZHOS1Y3ov5fq
1084,6DXFVsLcEvOTSrkG9G1Cb1
1085,4cE2xEdzwUte8t7LhoYcM6
1086,65XhQCGWUESjTXw3YlEEqm
1087,1k8kWXN6F8nyjj9VCSEZwe
1088,3weNRklVDqb4Rr5MhKBR3D
1089,2MgufCKlDELms5BSqaIcp1
1090,2MlJwuRPFGYM28aEq0itbF
1091,6yeqdGVLtsMucpxRZ9Hz6v
1092,7rvvXCLG11oepYRFwISkJZ
1093,5Jg2SbduiHq0e0EQZiV28D
1094,5iGf8QFnltrfTCxT5u6YI4
1095,5jtPTEELQcvrORodZk7sVS
1096,6fhOQyZheqDxS6Ojcdvjoa
1097,5v1IWGdPgD2oeWIpm8XcWe
1098,5qfy407pKH9U5X6jgTW4rv
1099,6GzMz3s0K1YKwRVI36CgRx
1100,3Tnc6rvBZIgilMUw7lwfb0
1101,2iNGWKnBw3qbrlBT9lHb7I
1102,1Dl44SWywsIDdz1GgIp9gG
1103,7FYbiwCEaxSEp2iAeteqUJ
1104,6onVtBLxZpq4cwMa3fUMJs
1105,4SBOJH1IRqVHAf5TviXspr
1106,2SvULYdmPes23yZQYeLkXV
1107,1ysoev7ZEGxGrzq8HNE61r
1108,04cuyaLUTKspSKLyfcrCc1
1109,5U7cJQOGKpDDXCgaXDy5oC
1110,29pwVfqcpxEMMiISu1WMgc
1111,25iY4Uqi5YLY0Ne597ED4i
1112,1SH49GqeyitOd9C4kk9dTM
1113,7fjCjhCZdR0gSPVyv3DluQ
1114,0cQ8UYt71w8QMVZbBcKI74
1115,2yUNna6E6MKHiCkKdvA5Uo
1116,1IjGt7mCNDy353JeN33aa0
1117,4sDBBc26qdHckqRpMM6F13
1118,6DH9qxj2GJi0lU2Y5FDHky
1119,4v3o4IJt1VRDNiM2LCoOXV
1120,7ocJPvoS4xnFcaFc4B3AJj
1121,6OLtp4dMxOIc34hTHVSLNc
1122,6BXvSPUVossmiwVKpYIu2m
1123,2Fc3GG0g44NbggiPUKM7AG
1124,64hIGVT0pT44TP0PGGZ2aU
1125,5xKVYMxOHB2XRLCUafFrz6
1126,2mGSY4TXoY2fJsKbOxXfRj
1127,6awA4ClWPPA35LFIwX5Pkh
1128,3RwcvDHkNPc2YXFz7kOBTN
1129,72eBSkC68GfcVntxipQ1qa
1130,2k6sbNpI1TZzeV3FMbTZcZ
1131,4z7rTkV7hxLkBntVJ9Cnqx
1132,7GF0vVzYmirHi3nWjHbbTh
1133,70uYf6bpZDflxzcZeslJxA
1134,61YpWDuUocao6fUvMjyCDk
1135,0c0ZVPQPNOfoW16dSa891N
1136,4XFnHO9oybBaU0h9PgDM3C
1137,4ZTY5VL2UbVghLuVkhAQdc
1138,2MvvoeRt8NcOXWESkxWn3g
1139,1fnM86DDTDWYpumRJqLSfU
1140,14IofgkBxOeRo43NjPBNUN
1141,2iHJLCaBQdymf5Rzd4fXUo
1142,1lIcdDpGlc2mO2LYA0f5KM
1143,2dVMQ0MWkOspUA2pLNaag2
1144,6vozhycIf8PgHWCO8013j1
1145,2l2Wc0siUPFZg1SEHfkk7J
1146,44SQOW2hynczktADLNPeuH
1147,2cIUOae4mpQt5PsD8Mqver
1148,2LhRrWfxTV6ZW1XAOb2OGa
1149,0b9jIWGchhRtF9XTF9labn
1150,5Jafpcu72SIeaOVk4Gboa2
1151,3RBNH03JnXGgQGkNqzYiEw
1152,6yMlHBgwnIhrF2Qvnt2Yyn
1153,1UdkQHQZs7pMWLpZBDVRxl
1154,10gDv5VNRIMRtjzLg4gNdG
1155,393IXhr8v1Y5Ze5DOf9jaV
1156,0cDjlYNENwEuagaG3MoTeP
1157,6aQiLZNDKkxokr6PGyBULg
1158,6DsGpDGIDRv8EFGgW10T1p
1159,2ikpOSP6OcfV5FV9qEsBaA
1160,7JowmOAYpKBfu1L8FZqYxw
1161,6yYV3V3jqeWXinATQmngVc
1162,0bcGY7mfG10QfeaDbz97hC
1163,5k8Z5jhueoEtKPIq5dJlS2
1164,40UlFC0dIxv7lAEJaPZLnm
1165,1JGWAEOOPv8LyKh92eVa39
1166,1lOcrnozGrvheMdl6Ld2PA
